file	subject	basis	source	notice	added
antonio_banderas_10.jpg	Antonio Banderas	editorial_fair_use	celebs01	takedown_on_request	2026-06-13
antonio_banderas_12.jpg	Antonio Banderas	editorial_fair_use	celebs01	takedown_on_request	2026-06-13
antonio_banderas_13.jpg	Antonio Banderas	editorial_fair_use	celebs01	takedown_on_request	2026-06-13
antonio_banderas_14.jpg	Antonio Banderas	editorial_fair_use	celebs01	takedown_on_request	2026-06-13
antonio_banderas_15.jpg	Antonio Banderas	editorial_fair_use	celebs01	takedown_on_request	2026-06-13
ariana_grande_10.jpg	Ariana Grande	editorial_fair_use	celebs01	takedown_on_request	2026-06-13
ariana_grande_13.jpeg	Ariana Grande	editorial_fair_use	celebs01	takedown_on_request	2026-06-13
ariana_grande_14.jpg	Ariana Grande	editorial_fair_use	celebs01	takedown_on_request	2026-06-13
ariana_grande_16.jpg	Ariana Grande	editorial_fair_use	celebs01	takedown_on_request	2026-06-13
ariana_grande_17.jpg	Ariana Grande	editorial_fair_use	celebs01	takedown_on_request	2026-06-13
audrey_hepburn_11.jpg	Audrey Hepburn	editorial_fair_use	celebs01	takedown_on_request	2026-06-13
audrey_hepburn_12.jpg	Audrey Hepburn	editorial_fair_use	celebs01	takedown_on_request	2026-06-13
audrey_hepburn_13.jpg	Audrey Hepburn	editorial_fair_use	celebs01	takedown_on_request	2026-06-13
audrey_hepburn_14.jpg	Audrey Hepburn	editorial_fair_use	celebs01	takedown_on_request	2026-06-13
audrey_hepburn_15.jpg	Audrey Hepburn	editorial_fair_use	celebs01	takedown_on_request	2026-06-13
cameron_diaz_14.jpg	Cameron Diaz	editorial_fair_use	celebs01	takedown_on_request	2026-06-13
cameron_diaz_16.jpg	Cameron Diaz	editorial_fair_use	celebs01	takedown_on_request	2026-06-13
cameron_diaz_17.jpg	Cameron Diaz	editorial_fair_use	celebs01	takedown_on_request	2026-06-13
cameron_diaz_18.jpg	Cameron Diaz	editorial_fair_use	celebs01	takedown_on_request	2026-06-13
cameron_diaz_19.jpg	Cameron Diaz	editorial_fair_use	celebs01	takedown_on_request	2026-06-13
cate_blanchett_10.jpg	Cate Blanchett	editorial_fair_use	celebs01	takedown_on_request	2026-06-13
cate_blanchett_11.jpg	Cate Blanchett	editorial_fair_use	celebs01	takedown_on_request	2026-06-13
cate_blanchett_12.jpg	Cate Blanchett	editorial_fair_use	celebs01	takedown_on_request	2026-06-13
cate_blanchett_13.jpg	Cate Blanchett	editorial_fair_use	celebs01	takedown_on_request	2026-06-13
cate_blanchett_15.jpg	Cate Blanchett	editorial_fair_use	celebs01	takedown_on_request	2026-06-13
christian_bale_10.jpg	Christian Bale	editorial_fair_use	celebs01	takedown_on_request	2026-06-13
christian_bale_11.jpg	Christian Bale	editorial_fair_use	celebs01	takedown_on_request	2026-06-13
christian_bale_12.jpg	Christian Bale	editorial_fair_use	celebs01	takedown_on_request	2026-06-13
christian_bale_13.jpg	Christian Bale	editorial_fair_use	celebs01	takedown_on_request	2026-06-13
christian_bale_14.jpg	Christian Bale	editorial_fair_use	celebs01	takedown_on_request	2026-06-13
emma_stone_1.jpg	Emma Stone	editorial_fair_use	celebs01	takedown_on_request	2026-06-13
emma_stone_10.jpg	Emma Stone	editorial_fair_use	celebs01	takedown_on_request	2026-06-13
emma_stone_11.jpg	Emma Stone	editorial_fair_use	celebs01	takedown_on_request	2026-06-13
emma_stone_12.jpg	Emma Stone	editorial_fair_use	celebs01	takedown_on_request	2026-06-13
emma_stone_14.jpg	Emma Stone	editorial_fair_use	celebs01	takedown_on_request	2026-06-13
emma_watson_10.jpg	Emma Watson	editorial_fair_use	celebs01	takedown_on_request	2026-06-13
emma_watson_11.jpg	Emma Watson	editorial_fair_use	celebs01	takedown_on_request	2026-06-13
emma_watson_13.jpg	Emma Watson	editorial_fair_use	celebs01	takedown_on_request	2026-06-13
emma_watson_14.jpeg	Emma Watson	editorial_fair_use	celebs01	takedown_on_request	2026-06-13
emma_watson_15.jpg	Emma Watson	editorial_fair_use	celebs01	takedown_on_request	2026-06-13
faye_dunaway_1.jpg	Faye Dunaway	editorial_fair_use	celebs01	takedown_on_request	2026-06-13
faye_dunaway_10.jpg	Faye Dunaway	editorial_fair_use	celebs01	takedown_on_request	2026-06-13
faye_dunaway_11.jpg	Faye Dunaway	editorial_fair_use	celebs01	takedown_on_request	2026-06-13
faye_dunaway_12.jpg	Faye Dunaway	editorial_fair_use	celebs01	takedown_on_request	2026-06-13
faye_dunaway_13.jpg	Faye Dunaway	editorial_fair_use	celebs01	takedown_on_request	2026-06-13
jane_fonda_1.jpg	Jane Fonda	editorial_fair_use	celebs01	takedown_on_request	2026-06-13
jane_fonda_10.jpg	Jane Fonda	editorial_fair_use	celebs01	takedown_on_request	2026-06-13
jane_fonda_11.jpg	Jane Fonda	editorial_fair_use	celebs01	takedown_on_request	2026-06-13
jane_fonda_13.jpg	Jane Fonda	editorial_fair_use	celebs01	takedown_on_request	2026-06-13
jane_fonda_14.jpg	Jane Fonda	editorial_fair_use	celebs01	takedown_on_request	2026-06-13
jodie_foster_11.jpg	Jodie Foster	editorial_fair_use	celebs01	takedown_on_request	2026-06-13
jodie_foster_12.jpg	Jodie Foster	editorial_fair_use	celebs01	takedown_on_request	2026-06-13
jodie_foster_13.jpg	Jodie Foster	editorial_fair_use	celebs01	takedown_on_request	2026-06-13
jodie_foster_15.jpg	Jodie Foster	editorial_fair_use	celebs01	takedown_on_request	2026-06-13
jodie_foster_18.jpg	Jodie Foster	editorial_fair_use	celebs01	takedown_on_request	2026-06-13
keanu_reeves_1.jpg	Keanu Reeves	editorial_fair_use	celebs01	takedown_on_request	2026-06-13
keanu_reeves_10.jpg	Keanu Reeves	editorial_fair_use	celebs01	takedown_on_request	2026-06-13
keanu_reeves_14.jpg	Keanu Reeves	editorial_fair_use	celebs01	takedown_on_request	2026-06-13
keanu_reeves_15.jpeg	Keanu Reeves	editorial_fair_use	celebs01	takedown_on_request	2026-06-13
keanu_reeves_16.jpg	Keanu Reeves	editorial_fair_use	celebs01	takedown_on_request	2026-06-13
madonna_10.jpg	Madonna	editorial_fair_use	celebs01	takedown_on_request	2026-06-13
madonna_11.jpg	Madonna	editorial_fair_use	celebs01	takedown_on_request	2026-06-13
madonna_12.jpg	Madonna	editorial_fair_use	celebs01	takedown_on_request	2026-06-13
madonna_13.jpg	Madonna	editorial_fair_use	celebs01	takedown_on_request	2026-06-13
madonna_14.jpg	Madonna	editorial_fair_use	celebs01	takedown_on_request	2026-06-13
penelope_cruz_1.jpg	Penelope Cruz	editorial_fair_use	celebs01	takedown_on_request	2026-06-13
penelope_cruz_10.jpg	Penelope Cruz	editorial_fair_use	celebs01	takedown_on_request	2026-06-13
penelope_cruz_11.jpg	Penelope Cruz	editorial_fair_use	celebs01	takedown_on_request	2026-06-13
penelope_cruz_12.jpg	Penelope Cruz	editorial_fair_use	celebs01	takedown_on_request	2026-06-13
penelope_cruz_13.jpg	Penelope Cruz	editorial_fair_use	celebs01	takedown_on_request	2026-06-13
rihanna_10.jpg	Rihanna	editorial_fair_use	celebs01	takedown_on_request	2026-06-13
rihanna_11.jpg	Rihanna	editorial_fair_use	celebs01	takedown_on_request	2026-06-13
rihanna_12.jpg	Rihanna	editorial_fair_use	celebs01	takedown_on_request	2026-06-13
rihanna_13.jpg	Rihanna	editorial_fair_use	celebs01	takedown_on_request	2026-06-13
rihanna_14.jpg	Rihanna	editorial_fair_use	celebs01	takedown_on_request	2026-06-13
rowan_atkinson_1.jpg	Rowan Atkinson	editorial_fair_use	celebs01	takedown_on_request	2026-06-13
rowan_atkinson_10.jpg	Rowan Atkinson	editorial_fair_use	celebs01	takedown_on_request	2026-06-13
rowan_atkinson_11.jpg	Rowan Atkinson	editorial_fair_use	celebs01	takedown_on_request	2026-06-13
rowan_atkinson_13.jpg	Rowan Atkinson	editorial_fair_use	celebs01	takedown_on_request	2026-06-13
rowan_atkinson_15.jpg	Rowan Atkinson	editorial_fair_use	celebs01	takedown_on_request	2026-06-13
scarlett_johansson_10.jpg	Scarlett Johansson	editorial_fair_use	celebs01	takedown_on_request	2026-06-13
scarlett_johansson_11.jpg	Scarlett Johansson	editorial_fair_use	celebs01	takedown_on_request	2026-06-13
scarlett_johansson_12.jpg	Scarlett Johansson	editorial_fair_use	celebs01	takedown_on_request	2026-06-13
scarlett_johansson_13.jpg	Scarlett Johansson	editorial_fair_use	celebs01	takedown_on_request	2026-06-13
scarlett_johansson_15.jpg	Scarlett Johansson	editorial_fair_use	celebs01	takedown_on_request	2026-06-13
sigourney_weaver_1.jpg	Sigourney Weaver	editorial_fair_use	celebs01	takedown_on_request	2026-06-13
sigourney_weaver_10.jpg	Sigourney Weaver	editorial_fair_use	celebs01	takedown_on_request	2026-06-13
sigourney_weaver_11.jpg	Sigourney Weaver	editorial_fair_use	celebs01	takedown_on_request	2026-06-13
sigourney_weaver_12.jpg	Sigourney Weaver	editorial_fair_use	celebs01	takedown_on_request	2026-06-13
sigourney_weaver_13.jpg	Sigourney Weaver	editorial_fair_use	celebs01	takedown_on_request	2026-06-13
sophia_loren_11.jpg	Sophia Loren	editorial_fair_use	celebs01	takedown_on_request	2026-06-13
sophia_loren_12.jpg	Sophia Loren	editorial_fair_use	celebs01	takedown_on_request	2026-06-13
sophia_loren_13.jpg	Sophia Loren	editorial_fair_use	celebs01	takedown_on_request	2026-06-13
sophia_loren_14.jpg	Sophia Loren	editorial_fair_use	celebs01	takedown_on_request	2026-06-13
sophia_loren_15.jpg	Sophia Loren	editorial_fair_use	celebs01	takedown_on_request	2026-06-13
werner_herzog_1.jpg	Werner Herzog	editorial_fair_use	celebs01	takedown_on_request	2026-06-13
werner_herzog_12.jpg	Werner Herzog	editorial_fair_use	celebs01	takedown_on_request	2026-06-13
werner_herzog_14.jpg	Werner Herzog	editorial_fair_use	celebs01	takedown_on_request	2026-06-13
werner_herzog_16.jpg	Werner Herzog	editorial_fair_use	celebs01	takedown_on_request	2026-06-13
werner_herzog_17.jpg	Werner Herzog	editorial_fair_use	celebs01	takedown_on_request	2026-06-13
